id,service,balance
0,Drive,0
0,Eda,1681
0,Lavka,0
0,Market,0
0,Taxi,0
1,Drive,3318
1,Lavka,682
1,Market,307
1,Taxi,2785
2,Drive,1549
2,Eda,1204
2,Lavka,674
2,Market,1641
2,Taxi,1628
3,Drive,4832
3,Eda,1662
3,Market,638
3,Taxi,137
4,Drive,2463
4,Eda,4238
4,Lavka,5198
4,Market,3135
4,Taxi,1544
5,Drive,186
5,Eda,1286
5,Lavka,1324
5,Market,6454
5,Taxi,767
6,Drive,548
6,Eda,1557
6,Lavka,765
6,Market,1998
6,Taxi,469
7,Eda,1867
7,Lavka,275
7,Market,0
7,Taxi,1848
8,Drive,1958
8,Eda,0
8,Lavka,0
8,Market,2261
8,Taxi,0
9,Drive,0
9,Eda,0
9,Lavka,45
9,Market,0
9,Taxi,0
10,Drive,0
10,Eda,1397
10,Lavka,206
10,Market,4121
10,Taxi,67
11,Drive,0
11,Eda,2817
11,Lavka,3788
11,Market,2135
11,Taxi,1358
12,Drive,0
12,Eda,1102
12,Lavka,0
12,Market,0
12,Taxi,2358
13,Drive,0
13,Eda,8714
13,Lavka,598
13,Market,1073
13,Taxi,1778
14,Drive,0
14,Eda,3371
14,Lavka,1063
14,Market,287
14,Taxi,8
15,Drive,0
15,Eda,1782
15,Lavka,1938
15,Market,2068
15,Taxi,6541
16,Drive,1516
16,Eda,683
16,Lavka,4644
16,Market,3549
16,Taxi,0
17,Drive,3795
17,Eda,4245
17,Lavka,4571
17,Market,2131
17,Taxi,1378
18,Drive,0
18,Lavka,22
18,Market,77
19,Drive,311
19,Eda,220
19,Lavka,1231
19,Market,1771
19,Taxi,1568
20,Eda,1818
20,Lavka,1591
20,Market,981
21,Drive,0
21,Eda,1446
21,Lavka,0
21,Market,0
21,Taxi,0
22,Drive,1380
22,Eda,1107
22,Lavka,179
22,Market,0
22,Taxi,496
23,Drive,333
23,Eda,3013
23,Lavka,10703
23,Market,0
23,Taxi,809
24,Drive,246
24,Eda,872
24,Lavka,0
24,Market,2161
24,Taxi,0
25,Drive,570
25,Eda,464
25,Lavka,755
25,Market,284
25,Taxi,1159
26,Drive,4718
26,Eda,2250
26,Lavka,5011
26,Market,2272
26,Taxi,6293
27,Drive,1326
27,Eda,1190
27,Lavka,2375
27,Market,2674
27,Taxi,8963
28,Drive,2612
28,Eda,6147
28,Lavka,5251
28,Market,10977
28,Taxi,0
29,Drive,991
29,Eda,4678
29,Lavka,323
29,Market,514
29,Taxi,1849
30,Drive,0
30,Eda,0
30,Lavka,878
30,Market,1086
30,Taxi,0
31,Drive,7322
31,Eda,7731
31,Lavka,450
31,Market,4594
31,Taxi,3053
32,Drive,5698
32,Eda,2391
32,Lavka,3526
32,Market,9709
32,Taxi,8914
33,Drive,0
33,Eda,0
33,Lavka,941
33,Market,0
33,Taxi,0
34,Drive,4019
34,Eda,1791
34,Lavka,0
34,Market,1055
34,Taxi,2153
35,Drive,0
35,Eda,0
35,Lavka,0
35,Taxi,0
36,Drive,4941
36,Eda,4684
36,Lavka,2240
36,Market,1831
36,Taxi,1126
37,Drive,3562
37,Eda,467
37,Lavka,1514
37,Market,3904
37,Taxi,6257
38,Drive,873
38,Eda,3677
38,Lavka,0
38,Market,240
38,Taxi,2183
39,Eda,0
39,Market,0
40,Drive,3790
40,Eda,616
40,Lavka,3802
40,Market,2753
40,Taxi,1509
41,Drive,1876
41,Lavka,569
41,Market,0
41,Taxi,0
42,Drive,233
42,Eda,3536
42,Lavka,0
42,Market,0
42,Taxi,2957
43,Drive,1877
43,Eda,324
43,Lavka,1497
43,Market,1585
43,Taxi,1144
44,Drive,0
44,Eda,0
44,Lavka,3043
44,Market,253
44,Taxi,3274
45,Drive,0
45,Eda,1273
45,Lavka,0
45,Market,844
45,Taxi,0
46,Drive,1194
46,Eda,1956
46,Lavka,7843
46,Taxi,1214
47,Drive,0
47,Eda,3854
47,Lavka,0
47,Market,942
47,Taxi,1585
48,Drive,587
48,Eda,256
48,Lavka,2133
48,Market,2370
48,Taxi,3267
49,Drive,1596
49,Eda,43
49,Lavka,609
49,Market,0
49,Taxi,2042
50,Drive,2195
50,Eda,490
50,Lavka,52
50,Market,0
50,Taxi,0
51,Drive,0
51,Eda,203
51,Lavka,2988
51,Market,0
51,Taxi,0
52,Taxi,357
53,Drive,0
53,Eda,0
53,Lavka,2420
53,Market,2654
53,Taxi,432
54,Drive,5099
54,Eda,4619
54,Lavka,8790
54,Market,4488
54,Taxi,4314
55,Drive,1885
55,Eda,2167
55,Lavka,2608
55,Market,249
55,Taxi,1228
56,Drive,3072
56,Eda,0
56,Lavka,5121
56,Market,0
56,Taxi,1779
57,Drive,2382
57,Eda,64
57,Lavka,212
57,Market,566
57,Taxi,197
58,Drive,4536
58,Eda,619
58,Lavka,2185
58,Market,1312
58,Taxi,1292
59,Drive,499
59,Eda,0
59,Lavka,1824
59,Market,3210
59,Taxi,1000
60,Market,379
60,Taxi,997
61,Drive,1718
61,Eda,3103
61,Lavka,0
61,Market,3129
61,Taxi,956
62,Drive,545
62,Eda,0
62,Lavka,796
62,Taxi,872
63,Drive,846
63,Eda,687
63,Lavka,1310
63,Market,31
63,Taxi,572
64,Drive,2482
64,Eda,1180
64,Lavka,5065
64,Market,3781
64,Taxi,0
65,Drive,206
65,Eda,0
65,Taxi,0
66,Drive,650
66,Eda,0
66,Market,0
66,Taxi,692
67,Drive,0
67,Eda,924
67,Lavka,1003
67,Market,1838
67,Taxi,803
68,Lavka,1793
69,Drive,1011
69,Eda,504
69,Lavka,0
69,Market,285
69,Taxi,0
70,Eda,969
70,Lavka,0
70,Market,0
70,Taxi,0
71,Drive,0
71,Eda,0
71,Lavka,1039
71,Market,0
71,Taxi,383
72,Drive,1610
72,Eda,1112
72,Lavka,163
72,Market,1366
72,Taxi,0
73,Drive,1764
73,Eda,2365
73,Lavka,2242
73,Market,3793
73,Taxi,1482
74,Drive,426
74,Eda,356
74,Lavka,4796
74,Market,9698
74,Taxi,1046
75,Drive,0
75,Eda,100
75,Lavka,1342
75,Market,2957
75,Taxi,0
76,Drive,4732
76,Eda,3573
76,Lavka,2999
76,Market,4004
76,Taxi,7590
77,Drive,0
77,Eda,1222
77,Lavka,0
77,Market,1232
77,Taxi,0
78,Drive,0
78,Eda,0
78,Lavka,0
78,Market,514
78,Taxi,791
79,Drive,0
79,Eda,1123
79,Lavka,897
80,Drive,0
80,Eda,0
80,Lavka,679
80,Market,1815
80,Taxi,0
81,Drive,0
81,Eda,0
81,Lavka,0
81,Market,376
81,Taxi,0
82,Drive,831
82,Eda,1192
82,Lavka,2298
82,Market,0
82,Taxi,1824
83,Drive,0
83,Eda,0
83,Lavka,0
83,Market,0
83,Taxi,0
84,Drive,0
84,Eda,0
84,Lavka,1797
84,Market,0
84,Taxi,349
85,Drive,6299
85,Eda,1056
85,Lavka,1490
85,Market,6464
85,Taxi,966
86,Drive,0
86,Eda,1365
86,Lavka,0
86,Market,380
86,Taxi,575
87,Drive,6917
87,Eda,0
87,Lavka,1526
87,Market,2396
87,Taxi,882
88,Drive,0
88,Eda,2651
88,Lavka,0
88,Market,0
88,Taxi,535
89,Drive,1135
89,Eda,1379
89,Lavka,325
89,Taxi,512
90,Drive,4428
90,Eda,6071
90,Lavka,964
90,Market,0
90,Taxi,2200
91,Taxi,255
92,Drive,475
92,Eda,383
92,Lavka,0
92,Market,88
92,Taxi,0
93,Drive,2501
93,Eda,2547
93,Lavka,2145
93,Market,2001
94,Drive,0
94,Eda,65
94,Lavka,1586
94,Market,0
94,Taxi,1305
95,Drive,1610
95,Eda,179
95,Lavka,6743
95,Market,3036
95,Taxi,3677
96,Drive,0
96,Lavka,0
96,Market,1055
96,Taxi,0
97,Drive,1278
97,Eda,520
97,Lavka,0
97,Market,4121
97,Taxi,875
98,Drive,0
98,Eda,0
98,Lavka,2752
98,Market,0
98,Taxi,0
99,Drive,473
99,Eda,0
99,Lavka,0
99,Market,0
99,Taxi,229
100,Drive,0
100,Eda,1510
100,Lavka,827
100,Market,4287
100,Taxi,0
101,Lavka,0
101,Taxi,0
102,Drive,0
102,Eda,1100
102,Lavka,0
102,Market,1284
102,Taxi,889
103,Market,0
104,Drive,862
104,Eda,228
104,Lavka,1971
104,Market,0
104,Taxi,0
105,Drive,344
105,Eda,2858
105,Lavka,0
105,Market,1869
105,Taxi,0
106,Drive,1823
106,Eda,136
106,Market,0
106,Taxi,2461
107,Drive,338
107,Eda,4077
107,Lavka,0
107,Market,801
107,Taxi,1388
108,Drive,304
108,Lavka,0
108,Taxi,2096
109,Drive,0
109,Eda,0
109,Lavka,0
109,Market,0
109,Taxi,0
110,Drive,253
110,Eda,0
110,Lavka,366
110,Market,90
110,Taxi,0
111,Drive,0
111,Eda,774
111,Lavka,538
111,Market,814
111,Taxi,0
112,Drive,298
112,Eda,349
112,Lavka,340
112,Market,2925
112,Taxi,1027
113,Drive,706
113,Eda,1089
113,Lavka,2648
113,Market,4658
113,Taxi,896
114,Lavka,2
114,Market,80
115,Drive,0
115,Eda,994
115,Lavka,0
115,Market,2149
115,Taxi,0
116,Drive,2276
116,Eda,5699
116,Lavka,3362
116,Market,397
116,Taxi,6262
117,Drive,2026
117,Lavka,2798
117,Market,1379
118,Drive,0
118,Eda,0
118,Lavka,0
118,Market,0
118,Taxi,0
119,Drive,0
119,Eda,0
119,Taxi,0
120,Drive,0
120,Eda,794
120,Lavka,518
120,Market,746
120,Taxi,5129
121,Eda,445
122,Drive,0
122,Eda,0
122,Lavka,0
122,Market,0
122,Taxi,0
123,Eda,253
123,Lavka,0
123,Market,1635
123,Taxi,633
124,Drive,6500
124,Eda,2576
124,Lavka,948
124,Market,4085
124,Taxi,5290
125,Eda,1214
126,Lavka,1064
127,Drive,0
127,Eda,0
127,Lavka,0
127,Market,1082
127,Taxi,1663
128,Drive,0
128,Eda,2236
128,Lavka,0
128,Market,913
128,Taxi,1156
129,Lavka,2449
129,Market,564
129,Taxi,322
130,Drive,0
130,Eda,64
130,Lavka,0
130,Market,0
130,Taxi,0
131,Drive,86
131,Eda,60
131,Lavka,2137
131,Market,702
131,Taxi,3059
132,Drive,2850
132,Eda,707
132,Lavka,388
132,Market,4353
132,Taxi,5197
133,Drive,1158
133,Eda,1440
133,Lavka,0
133,Market,3217
133,Taxi,5314
134,Drive,1911
134,Eda,0
134,Lavka,1710
134,Market,0
134,Taxi,0
135,Drive,334
135,Eda,1384
135,Lavka,0
135,Market,1005
135,Taxi,4209
136,Drive,0
136,Eda,5219
136,Lavka,3810
136,Market,5217
136,Taxi,4441
137,Eda,0
137,Lavka,0
137,Taxi,0
138,Drive,23
138,Eda,2422
138,Lavka,4852
138,Market,1245
138,Taxi,49
139,Drive,1088
139,Eda,1171
139,Lavka,1108
139,Market,1140
139,Taxi,5764
140,Drive,1202
140,Eda,5664
140,Lavka,4247
140,Market,6549
140,Taxi,2503
141,Drive,0
141,Eda,1279
141,Lavka,2599
141,Market,1642
141,Taxi,246
142,Drive,2606
142,Eda,1710
142,Lavka,2284
142,Market,138
142,Taxi,1430
143,Drive,0
144,Drive,2331
144,Eda,0
144,Lavka,846
144,Market,1703
144,Taxi,4343
145,Drive,140
145,Eda,1764
145,Lavka,0
145,Market,0
145,Taxi,0
146,Drive,6263
146,Eda,0
146,Lavka,0
146,Market,0
146,Taxi,2657
147,Drive,3019
147,Eda,8066
147,Lavka,5603
147,Market,3557
147,Taxi,6364
148,Lavka,0
148,Taxi,0
149,Drive,0
149,Eda,118
149,Lavka,2756
149,Market,1186
149,Taxi,960
150,Drive,2655
150,Eda,1287
150,Lavka,1511
150,Market,0
150,Taxi,2838
151,Drive,3580
151,Eda,0
151,Lavka,0
151,Market,0
151,Taxi,194
152,Drive,371
152,Eda,51
152,Lavka,2713
152,Market,1987
152,Taxi,0
153,Drive,0
153,Eda,0
153,Lavka,218
153,Market,1295
153,Taxi,0
154,Drive,0
154,Eda,0
154,Lavka,0
154,Market,0
155,Drive,2281
155,Eda,3197
155,Lavka,579
155,Market,4318
155,Taxi,2994
156,Drive,1490
156,Eda,441
156,Lavka,1930
156,Market,1347
156,Taxi,2120
157,Drive,1984
157,Eda,1551
157,Lavka,1307
157,Market,2630
157,Taxi,0
158,Drive,0
158,Eda,58
158,Lavka,0
158,Market,0
158,Taxi,0
159,Drive,1783
159,Eda,5109
159,Lavka,3187
159,Market,2499
159,Taxi,5951
160,Drive,699
160,Eda,5602
160,Lavka,1663
160,Market,1648
160,Taxi,120
161,Drive,9798
161,Eda,1724
161,Lavka,7583
161,Market,1528
161,Taxi,2970
162,Drive,0
162,Eda,1328
162,Lavka,1287
162,Market,0
162,Taxi,0
163,Drive,1206
163,Lavka,1947
164,Drive,0
164,Eda,2264
164,Lavka,464
164,Taxi,0
165,Drive,0
165,Lavka,0
165,Market,1689
166,Drive,0
166,Eda,674
166,Lavka,496
166,Market,1174
166,Taxi,0
167,Eda,0
167,Lavka,0
167,Taxi,0
168,Drive,800
168,Eda,739
168,Lavka,1617
168,Market,893
168,Taxi,537
169,Drive,372
169,Eda,0
169,Lavka,0
169,Market,274
169,Taxi,0
170,Drive,0
170,Eda,0
170,Lavka,7527
170,Market,711
170,Taxi,0
171,Drive,0
171,Eda,2045
171,Lavka,0
171,Market,0
171,Taxi,0
172,Drive,5828
172,Eda,4248
172,Lavka,125
172,Market,8690
172,Taxi,3497
173,Drive,1337
173,Eda,0
173,Lavka,274
173,Market,5790
173,Taxi,727
174,Drive,0
174,Eda,981
174,Lavka,0
174,Market,1661
174,Taxi,0
175,Drive,1910
175,Eda,354
175,Lavka,665
175,Market,0
175,Taxi,4260
176,Drive,0
176,Eda,367
176,Lavka,0
176,Market,2808
176,Taxi,796
177,Drive,2601
177,Eda,0
177,Lavka,0
177,Market,819
177,Taxi,2084
178,Drive,663
178,Eda,0
179,Drive,2747
179,Eda,2884
179,Lavka,0
179,Market,0
179,Taxi,2106
180,Drive,344
180,Eda,361
180,Taxi,2398
181,Lavka,0
181,Market,0
182,Drive,0
182,Market,255
182,Taxi,0
183,Drive,3037
183,Eda,1071
183,Lavka,815
183,Market,4387
183,Taxi,1527
184,Drive,2713
184,Eda,7386
184,Lavka,3443
184,Market,1870
184,Taxi,10526
185,Drive,0
185,Lavka,933
185,Market,658
185,Taxi,0
186,Drive,593
186,Eda,0
186,Market,2620
186,Taxi,2577
187,Drive,0
187,Eda,618
187,Lavka,651
187,Market,1013
187,Taxi,832
188,Drive,8224
188,Eda,1027
188,Lavka,3332
188,Market,977
188,Taxi,5367
189,Drive,2151
189,Eda,1970
189,Lavka,0
189,Market,0
189,Taxi,1887
190,Drive,0
190,Eda,0
190,Lavka,0
190,Market,0
190,Taxi,0
191,Lavka,77
192,Drive,1366
192,Eda,0
192,Lavka,3044
192,Market,0
192,Taxi,7876
193,Drive,2456
193,Eda,3458
193,Lavka,7174
193,Market,4930
193,Taxi,14164
194,Drive,0
194,Eda,0
194,Lavka,83
194,Market,1090
194,Taxi,374
195,Drive,1561
195,Eda,1724
195,Lavka,0
195,Market,0
195,Taxi,0
196,Drive,0
196,Eda,0
196,Lavka,2285
196,Market,0
197,Drive,1192
197,Eda,357
197,Lavka,2973
197,Market,248
197,Taxi,4776
198,Drive,7099
198,Eda,2443
198,Lavka,3545
198,Market,1197
198,Taxi,3778
199,Drive,0
199,Eda,4073
199,Lavka,531
199,Market,1528
199,Taxi,225
200,Drive,1012
200,Eda,0
200,Lavka,1790
200,Market,745
200,Taxi,0
201,Drive,1340
201,Eda,4215
201,Lavka,3759
201,Market,3569
201,Taxi,7753
202,Drive,1617
202,Eda,3057
202,Lavka,241
202,Market,0
202,Taxi,410
203,Drive,2009
203,Eda,0
203,Lavka,0
203,Market,2302
203,Taxi,2798
204,Drive,3151
204,Eda,4334
204,Lavka,1785
204,Market,47
204,Taxi,0
205,Drive,1361
205,Eda,1370
205,Lavka,708
205,Market,122
205,Taxi,203
206,Drive,2856
206,Eda,1427
206,Lavka,112
206,Market,1116
206,Taxi,787
207,Drive,1474
207,Eda,422
208,Drive,0
208,Eda,1279
208,Lavka,0
208,Market,59
208,Taxi,0
209,Drive,3
209,Eda,462
209,Market,0
209,Taxi,0
210,Drive,1568
210,Eda,1780
210,Lavka,5994
210,Market,5279
210,Taxi,3998
211,Drive,833
211,Eda,7765
211,Lavka,4082
211,Market,5124
211,Taxi,5220
212,Drive,0
212,Eda,205
212,Lavka,3079
212,Market,2624
212,Taxi,0
213,Drive,887
213,Eda,0
213,Lavka,5285
213,Market,0
213,Taxi,0
214,Drive,555
214,Eda,2258
214,Lavka,9061
214,Market,3888
214,Taxi,0
215,Drive,2780
215,Eda,755
215,Lavka,694
215,Market,0
215,Taxi,0
216,Drive,0
216,Eda,2439
216,Lavka,647
216,Market,1677
216,Taxi,1852
217,Drive,687
217,Eda,3047
217,Lavka,0
217,Market,2928
217,Taxi,0
218,Drive,0
218,Eda,0
218,Lavka,2919
218,Market,0
218,Taxi,0
219,Drive,1454
219,Eda,4293
219,Market,2109
219,Taxi,76
220,Drive,405
220,Eda,18
220,Lavka,1000
220,Market,2118
220,Taxi,1568
221,Eda,0
221,Lavka,3213
221,Market,4179
221,Taxi,0
222,Drive,170
222,Eda,0
222,Lavka,0
222,Market,260
222,Taxi,232
223,Drive,955
223,Eda,7106
223,Lavka,109
223,Market,851
223,Taxi,1108
224,Drive,0
224,Eda,0
224,Lavka,1657
224,Market,1999
224,Taxi,0
225,Drive,0
225,Eda,0
225,Lavka,0
225,Market,2271
225,Taxi,1652
226,Drive,1894
226,Eda,4385
226,Lavka,3917
226,Market,6239
226,Taxi,1992
227,Drive,34
227,Eda,2149
227,Lavka,1534
227,Market,3658
227,Taxi,566
228,Drive,3126
228,Eda,771
228,Lavka,6053
228,Market,8350
228,Taxi,428
229,Drive,206
229,Eda,3924
229,Lavka,0
229,Market,0
229,Taxi,0
230,Drive,372
230,Eda,0
230,Lavka,1267
230,Market,0
230,Taxi,184
231,Drive,621
231,Eda,0
231,Lavka,0
231,Market,2371
231,Taxi,814
232,Drive,603
232,Eda,2173
232,Lavka,0
232,Market,4900
232,Taxi,466
233,Drive,3361
233,Eda,2394
233,Lavka,6767
233,Market,755
233,Taxi,1449
234,Taxi,0
235,Drive,0
235,Eda,217
235,Lavka,897
235,Market,0
235,Taxi,355
236,Drive,1115
236,Eda,2075
236,Lavka,0
236,Market,2612
236,Taxi,0
237,Drive,3314
237,Eda,2335
237,Lavka,1762
237,Market,1786
237,Taxi,0
238,Drive,0
238,Eda,1331
238,Lavka,0
238,Market,110
238,Taxi,0
239,Drive,231
239,Eda,6773
239,Lavka,994
239,Market,541
239,Taxi,0
240,Drive,210
240,Eda,2903
240,Lavka,11593
240,Market,1371
240,Taxi,6623
241,Drive,2431
241,Eda,1362
241,Lavka,0
241,Market,1888
241,Taxi,1725
242,Drive,3538
242,Eda,25
242,Lavka,724
242,Market,0
242,Taxi,0
243,Drive,292
243,Eda,0
243,Lavka,194
243,Market,2207
243,Taxi,1158
244,Drive,97
244,Eda,603
244,Lavka,3667
244,Market,46
244,Taxi,1914
245,Drive,426
245,Eda,5486
245,Lavka,0
245,Market,7518
245,Taxi,4573
246,Drive,2352
246,Eda,468
246,Lavka,330
246,Market,7323
246,Taxi,1471
247,Drive,0
247,Eda,0
247,Lavka,0
247,Market,0
247,Taxi,0
248,Drive,407
248,Eda,2390
248,Lavka,0
248,Market,2889
248,Taxi,2647
249,Drive,2244
249,Eda,6439
249,Lavka,0
249,Market,3941
249,Taxi,0
250,Drive,0
250,Eda,1324
250,Lavka,0
250,Market,183
250,Taxi,0
251,Drive,1556
251,Eda,0
251,Lavka,2802
251,Market,0
251,Taxi,2851
252,Drive,2304
252,Eda,2170
252,Lavka,7171
252,Market,4720
252,Taxi,4059
253,Drive,641
253,Eda,1123
253,Lavka,68
253,Market,110
253,Taxi,0
254,Drive,267
254,Eda,0
254,Lavka,1101
254,Market,708
254,Taxi,555
255,Drive,0
255,Eda,306
255,Lavka,0
255,Market,0
255,Taxi,0
256,Drive,246
256,Eda,0
256,Lavka,0
256,Market,0
256,Taxi,0
257,Drive,0
257,Eda,643
257,Lavka,458
257,Market,5308
257,Taxi,1605
258,Drive,924
258,Eda,0
258,Lavka,3188
258,Market,2300
258,Taxi,4565
259,Drive,1456
259,Eda,65
259,Lavka,0
259,Market,0
259,Taxi,2934
260,Drive,0
260,Eda,0
260,Lavka,2050
260,Market,5250
260,Taxi,929
261,Drive,3578
261,Eda,1578
261,Lavka,4612
261,Market,0
261,Taxi,2475
262,Drive,520
262,Eda,1243
262,Lavka,0
262,Market,0
262,Taxi,3880
263,Drive,7105
263,Eda,1713
263,Lavka,1248
263,Market,2798
263,Taxi,4203
264,Drive,13517
264,Eda,3017
264,Lavka,5115
264,Market,3363
264,Taxi,387
265,Drive,2401
265,Eda,4805
265,Lavka,0
265,Market,0
265,Taxi,1032
266,Drive,8501
266,Eda,6025
266,Lavka,4169
266,Market,2632
266,Taxi,4432
267,Drive,0
267,Eda,0
267,Lavka,569
267,Market,0
267,Taxi,0
268,Drive,1214
268,Eda,7444
268,Lavka,2054
268,Market,4401
268,Taxi,1478
269,Drive,3863
269,Eda,3356
269,Lavka,1191
269,Market,2693
269,Taxi,1602
270,Drive,2710
270,Eda,1556
270,Lavka,6528
270,Market,0
270,Taxi,1118
271,Drive,0
271,Eda,0
271,Lavka,0
271,Market,0
271,Taxi,516
272,Drive,3429
272,Eda,3997
272,Lavka,3045
272,Market,1823
272,Taxi,3419
273,Drive,254
273,Eda,1130
273,Lavka,4677
273,Market,693
273,Taxi,647
274,Drive,330
274,Eda,1996
274,Lavka,2145
274,Market,0
274,Taxi,1295
275,Drive,4164
275,Eda,0
275,Lavka,3826
275,Market,2782
275,Taxi,3813
276,Drive,0
276,Eda,0
276,Lavka,0
276,Taxi,692
277,Drive,1140
277,Eda,104
277,Lavka,0
277,Market,2091
278,Drive,3273
278,Eda,3377
278,Lavka,113
278,Market,6246
278,Taxi,3260
279,Drive,5585
279,Eda,464
279,Lavka,2208
279,Market,989
279,Taxi,463
280,Drive,680
280,Eda,1256
280,Lavka,2337
280,Market,4335
280,Taxi,1220
281,Drive,4623
281,Eda,2807
281,Lavka,7261
281,Market,5208
281,Taxi,4969
282,Drive,0
282,Eda,0
282,Lavka,0
282,Market,2828
282,Taxi,0
283,Drive,5410
283,Eda,269
283,Lavka,2213
283,Market,8493
283,Taxi,2671
284,Drive,2056
284,Eda,3171
284,Lavka,0
284,Market,0
284,Taxi,3669
285,Drive,2983
285,Eda,2212
285,Lavka,3852
285,Market,199
285,Taxi,507
286,Drive,0
286,Eda,1132
286,Lavka,0
286,Market,0
286,Taxi,5694
287,Drive,1959
287,Eda,891
287,Lavka,2591
287,Market,1813
287,Taxi,3838
288,Drive,999
288,Eda,0
288,Lavka,2116
288,Market,0
288,Taxi,0
289,Eda,2312
289,Lavka,453
289,Market,9
289,Taxi,1361
290,Drive,1030
290,Eda,0
290,Lavka,0
290,Market,0
290,Taxi,0
291,Drive,0
291,Eda,6901
291,Lavka,4071
291,Market,2350
291,Taxi,606
292,Drive,1791
292,Eda,0
292,Lavka,507
292,Market,0
292,Taxi,0
293,Drive,749
293,Eda,1565
293,Lavka,0
293,Market,3331
293,Taxi,888
294,Drive,3571
294,Eda,2126
294,Lavka,3378
294,Market,324
294,Taxi,3837
295,Drive,1194
295,Eda,0
295,Lavka,2674
295,Market,637
295,Taxi,2080
296,Drive,1257
296,Eda,10557
296,Lavka,1996
296,Market,3901
296,Taxi,2527
297,Drive,879
297,Eda,451
297,Lavka,574
297,Market,0
297,Taxi,1591
298,Drive,0
298,Eda,1026
298,Lavka,0
298,Market,5375
298,Taxi,0
299,Drive,106
299,Eda,923
299,Lavka,4222
299,Market,0
299,Taxi,1327
300,Drive,489
300,Eda,0
300,Lavka,2743
300,Market,0
300,Taxi,0
301,Drive,0
301,Eda,516
301,Lavka,1207
301,Market,0
301,Taxi,19
302,Drive,737
302,Eda,331
302,Lavka,0
302,Market,677
302,Taxi,0
303,Drive,604
303,Eda,3253
303,Lavka,4780
303,Market,1006
303,Taxi,0
304,Drive,527
304,Lavka,594
304,Market,1546
304,Taxi,611
305,Drive,0
305,Eda,0
305,Lavka,0
305,Market,0
305,Taxi,573
306,Drive,0
306,Eda,0
306,Lavka,0
306,Market,0
306,Taxi,0
307,Drive,4401
307,Eda,473
307,Lavka,3564
307,Market,0
307,Taxi,1185
308,Drive,0
308,Eda,0
308,Lavka,0
308,Market,0
308,Taxi,0
309,Drive,1097
309,Eda,457
309,Lavka,0
309,Market,0
309,Taxi,0
310,Eda,3521
310,Lavka,789
310,Market,5168
310,Taxi,1139
311,Drive,53
311,Eda,315
311,Lavka,5953
311,Market,801
311,Taxi,4074
312,Drive,0
312,Eda,0
312,Lavka,0
312,Market,0
312,Taxi,978
313,Drive,1540
313,Eda,0
313,Lavka,805
313,Market,191
313,Taxi,192
314,Drive,1194
314,Eda,0
314,Lavka,2124
314,Market,736
314,Taxi,2175
315,Drive,1537
315,Taxi,2512
316,Drive,498
317,Drive,532
317,Market,1515
317,Taxi,7434
318,Drive,0
318,Eda,2996
318,Market,0
318,Taxi,0
319,Drive,8337
319,Eda,5105
319,Lavka,11127
319,Market,6577
319,Taxi,1860
320,Drive,0
320,Eda,0
320,Lavka,0
320,Market,0
320,Taxi,0
321,Drive,2982
321,Eda,1050
321,Lavka,0
321,Market,2626
321,Taxi,1946
322,Drive,500
322,Eda,2835
322,Lavka,35
322,Market,768
322,Taxi,174
323,Drive,2106
323,Eda,303
323,Lavka,7477
323,Market,6976
323,Taxi,398
324,Drive,1453
324,Eda,2330
324,Lavka,2740
324,Market,6965
324,Taxi,3244
325,Drive,0
325,Eda,0
325,Lavka,136
325,Market,1695
325,Taxi,747
326,Drive,1859
326,Eda,566
326,Lavka,586
326,Market,2773
326,Taxi,0
327,Drive,4181
327,Eda,232
327,Lavka,4938
327,Market,2908
327,Taxi,1869
328,Drive,1775
328,Eda,3641
328,Lavka,2354
328,Market,0
328,Taxi,5537
329,Eda,4383
329,Lavka,45
329,Market,824
329,Taxi,77
330,Drive,0
330,Eda,2477
330,Lavka,0
330,Market,0
330,Taxi,3289
331,Drive,4466
331,Eda,639
331,Lavka,2661
331,Market,3340
331,Taxi,392
332,Drive,670
332,Eda,1183
332,Lavka,6536
332,Market,1430
332,Taxi,4344
333,Drive,1457
333,Eda,0
333,Lavka,857
333,Taxi,50
334,Drive,0
334,Eda,798
334,Lavka,0
334,Market,0
334,Taxi,2397
335,Drive,4844
335,Eda,950
335,Lavka,1946
335,Market,4287
335,Taxi,1686
336,Drive,3169
336,Eda,0
336,Lavka,476
336,Market,0
336,Taxi,902
337,Lavka,4386
337,Taxi,5897
338,Drive,0
338,Eda,4302
338,Market,114
338,Taxi,554
339,Eda,0
339,Market,0
339,Taxi,53
340,Drive,1506
340,Eda,1265
340,Lavka,1957
340,Market,427
340,Taxi,836
341,Drive,0
341,Eda,0
341,Market,0
341,Taxi,0
342,Drive,3140
342,Eda,0
342,Lavka,0
342,Market,8039
342,Taxi,0
343,Drive,4294
343,Eda,4170
343,Lavka,4011
343,Market,1324
343,Taxi,7
344,Drive,5093
344,Eda,2976
344,Lavka,5160
344,Market,4993
344,Taxi,84
345,Drive,7369
345,Eda,0
345,Lavka,3396
346,Drive,2655
346,Eda,220
346,Lavka,0
346,Market,969
346,Taxi,0
347,Drive,0
347,Eda,0
347,Lavka,0
347,Market,2926
347,Taxi,0
348,Drive,0
348,Eda,0
348,Lavka,958
348,Market,0
348,Taxi,1916
349,Drive,479
349,Eda,0
349,Lavka,0
349,Market,0
349,Taxi,941
350,Drive,2906
350,Eda,0
350,Lavka,207
350,Market,834
350,Taxi,32
351,Drive,5384
351,Eda,2758
351,Lavka,1782
351,Market,373
351,Taxi,1028
352,Drive,1385
352,Lavka,4352
352,Market,2085
352,Taxi,303
353,Drive,4317
353,Eda,0
353,Lavka,2404
353,Market,834
353,Taxi,2790
354,Drive,0
354,Eda,1454
354,Lavka,270
354,Market,289
354,Taxi,1279
355,Drive,2867
355,Eda,685
355,Lavka,128
355,Market,0
355,Taxi,1566
356,Drive,0
356,Eda,1954
356,Lavka,0
356,Market,0
356,Taxi,162
357,Drive,3512
357,Eda,0
357,Lavka,882
357,Market,99
357,Taxi,0
358,Drive,1338
358,Eda,5480
358,Lavka,909
358,Market,2322
358,Taxi,1539
359,Drive,0
359,Eda,0
359,Lavka,0
359,Market,0
359,Taxi,0
360,Drive,716
360,Eda,0
360,Lavka,0
360,Market,2154
360,Taxi,249
361,Eda,114
361,Lavka,0
361,Market,0
361,Taxi,11
362,Eda,0
362,Lavka,428
362,Market,0
362,Taxi,554
363,Drive,84
363,Eda,3419
363,Lavka,0
363,Market,0
364,Drive,849
364,Eda,0
364,Taxi,418
365,Drive,1400
365,Eda,5906
365,Lavka,7566
365,Market,413
365,Taxi,3757
366,Drive,1875
366,Lavka,0
366,Market,0
367,Drive,514
367,Eda,7923
367,Lavka,3003
367,Market,5383
367,Taxi,2872
368,Drive,0
368,Eda,1336
368,Lavka,2778
368,Market,1512
368,Taxi,0
369,Drive,0
369,Eda,5501
369,Lavka,2700
369,Market,0
369,Taxi,0
370,Drive,977
370,Eda,0
370,Lavka,1702
370,Market,0
370,Taxi,1646
371,Drive,0
371,Eda,0
371,Lavka,251
371,Market,975
371,Taxi,0
372,Taxi,51
373,Drive,0
373,Eda,0
373,Lavka,0
373,Market,0
373,Taxi,0
374,Drive,0
374,Eda,4200
374,Lavka,562
374,Market,312
374,Taxi,1121
375,Drive,647
375,Eda,1737
375,Lavka,1463
375,Market,0
375,Taxi,6122
376,Drive,1372
376,Eda,0
376,Lavka,0
376,Market,1597
376,Taxi,1177
377,Drive,283
377,Eda,935
377,Lavka,0
377,Market,0
377,Taxi,934
378,Eda,0
379,Drive,3625
379,Eda,5215
379,Lavka,4751
379,Market,2752
379,Taxi,2647
380,Drive,0
380,Eda,2559
380,Lavka,260
380,Market,1944
380,Taxi,0
381,Drive,0
381,Eda,4093
381,Lavka,3520
381,Market,2444
381,Taxi,3203
382,Drive,3391
382,Eda,1473
382,Lavka,0
382,Market,1052
382,Taxi,574
383,Drive,1651
383,Eda,3561
383,Lavka,5633
383,Market,2134
383,Taxi,2182
384,Drive,2885
384,Eda,1220
384,Lavka,1941
384,Market,5108
384,Taxi,2418
385,Drive,0
385,Eda,0
385,Lavka,0
385,Market,0
385,Taxi,0
386,Market,458
386,Taxi,0
387,Drive,1432
387,Eda,1580
387,Lavka,2813
387,Market,2156
387,Taxi,3676
388,Drive,1217
388,Eda,402
388,Lavka,12706
388,Market,1222
388,Taxi,60
389,Drive,0
389,Eda,3291
389,Lavka,749
389,Market,1083
389,Taxi,1999
390,Drive,0
390,Eda,0
390,Lavka,444
390,Market,9
390,Taxi,893
391,Drive,2479
391,Eda,4433
391,Lavka,5736
391,Market,3791
391,Taxi,6734
392,Drive,0
392,Eda,0
392,Lavka,71
392,Market,815
392,Taxi,0
393,Drive,0
393,Eda,0
393,Lavka,0
393,Market,1142
393,Taxi,3987
394,Drive,3519
394,Eda,2026
394,Lavka,1045
394,Market,3894
394,Taxi,1730
395,Drive,0
395,Eda,1551
395,Lavka,844
395,Market,0
395,Taxi,0
396,Drive,0
396,Eda,0
396,Market,299
397,Drive,232
397,Eda,0
397,Lavka,0
397,Market,0
397,Taxi,0
398,Drive,0
398,Eda,0
398,Lavka,654
398,Market,0
398,Taxi,2824
399,Drive,724
399,Eda,1635
399,Lavka,2730
399,Market,0
399,Taxi,2990
400,Drive,0
400,Eda,212
400,Lavka,0
400,Market,0
400,Taxi,0
401,Drive,0
401,Eda,4768
401,Market,2002
401,Taxi,0
402,Drive,0
402,Eda,288
402,Lavka,207
402,Market,0
402,Taxi,0
403,Drive,4190
403,Eda,1841
403,Lavka,8642
403,Market,4228
404,Drive,0
404,Eda,0
404,Lavka,0
404,Market,0
404,Taxi,343
405,Taxi,175
406,Drive,4535
406,Eda,363
407,Drive,2472
407,Eda,219
407,Lavka,938
407,Market,876
407,Taxi,1292
408,Drive,1998
408,Eda,47
408,Lavka,2074
408,Market,3730
408,Taxi,1102
409,Drive,1389
409,Lavka,0
409,Market,2101
410,Drive,5959
410,Eda,2130
410,Lavka,678
410,Market,0
410,Taxi,3464
411,Drive,0
411,Eda,0
411,Lavka,0
411,Market,8239
411,Taxi,0
412,Drive,0
412,Eda,1428
412,Lavka,660
412,Market,2722
413,Eda,0
413,Lavka,0
413,Market,1139
413,Taxi,0
414,Drive,0
414,Eda,0
414,Lavka,0
414,Market,0
414,Taxi,0
415,Drive,0
415,Eda,4246
415,Lavka,3517
415,Market,350
415,Taxi,3244
416,Drive,2086
416,Eda,4812
416,Lavka,1620
416,Market,1872
416,Taxi,918
417,Drive,48
417,Eda,252
417,Lavka,2924
417,Market,0
417,Taxi,403
418,Drive,409
418,Eda,0
418,Market,0
419,Drive,3761
419,Eda,3503
419,Lavka,8020
419,Market,0
419,Taxi,6735
420,Drive,609
420,Eda,5629
420,Lavka,5075
420,Market,2393
420,Taxi,0
421,Drive,0
421,Eda,3721
421,Lavka,3806
421,Market,2713
421,Taxi,1058
422,Drive,177
422,Eda,0
422,Lavka,752
422,Market,0
422,Taxi,0
423,Drive,0
423,Eda,2922
423,Lavka,0
423,Market,3062
423,Taxi,2366
424,Drive,0
424,Eda,798
424,Lavka,1535
424,Market,4232
424,Taxi,1633
425,Drive,310
425,Eda,3139
425,Lavka,0
425,Market,1016
425,Taxi,259
426,Lavka,0
427,Drive,0
427,Eda,0
427,Lavka,1315
427,Market,0
427,Taxi,0
428,Drive,852
428,Eda,0
428,Lavka,0
428,Market,2871
428,Taxi,1077
429,Drive,0
429,Eda,1178
429,Lavka,68
429,Market,361
429,Taxi,85
430,Drive,0
430,Eda,8299
430,Lavka,8887
430,Market,162
430,Taxi,847
431,Drive,1264
431,Eda,0
431,Lavka,854
431,Market,0
431,Taxi,5079
432,Drive,2635
432,Eda,0
432,Lavka,0
432,Market,0
432,Taxi,937
433,Drive,2051
433,Eda,3266
433,Lavka,2897
433,Market,5905
433,Taxi,1736
434,Drive,1830
434,Eda,0
434,Lavka,37
434,Market,348
434,Taxi,0
435,Drive,488
435,Eda,630
435,Lavka,0
435,Market,2773
435,Taxi,0
436,Drive,0
436,Eda,0
436,Lavka,1609
436,Market,152
436,Taxi,1079
437,Drive,0
437,Eda,0
437,Lavka,3135
437,Market,0
437,Taxi,0
438,Drive,373
438,Eda,1524
438,Lavka,1602
438,Market,2124
438,Taxi,1671
439,Drive,0
439,Eda,3060
439,Lavka,1417
439,Market,1316
439,Taxi,3277
440,Drive,64
440,Eda,6298
440,Lavka,750
440,Market,2924
440,Taxi,374
441,Drive,1280
441,Eda,1111
441,Lavka,8362
441,Market,3388
441,Taxi,0
442,Drive,0
442,Eda,1546
442,Lavka,2441
442,Market,61
442,Taxi,0
443,Drive,2053
443,Eda,1781
443,Lavka,0
443,Market,0
443,Taxi,0
444,Drive,152
444,Eda,5322
444,Lavka,5543
444,Market,2657
444,Taxi,623
445,Drive,3287
445,Eda,0
445,Lavka,2121
445,Market,544
445,Taxi,0
446,Drive,339
446,Eda,8328
446,Lavka,3915
446,Market,1956
446,Taxi,812
447,Drive,313
447,Eda,1289
447,Lavka,3702
447,Market,0
447,Taxi,109
448,Drive,3146
448,Eda,705
448,Lavka,483
448,Market,5155
448,Taxi,0
449,Drive,1479
449,Eda,1062
449,Lavka,3091
449,Market,5831
449,Taxi,1656
450,Drive,4837
450,Eda,858
450,Lavka,1848
450,Market,3063
450,Taxi,2960
451,Drive,144
451,Eda,2190
451,Lavka,0
451,Market,348
451,Taxi,619
452,Drive,0
452,Eda,0
452,Market,1106
452,Taxi,0
453,Drive,330
453,Eda,6943
453,Lavka,3537
453,Market,1507
453,Taxi,137
454,Drive,502
454,Eda,8431
454,Lavka,4839
454,Market,10693
454,Taxi,2265
455,Drive,2560
455,Eda,0
455,Lavka,0
455,Market,4626
455,Taxi,568
456,Drive,0
456,Eda,0
456,Lavka,0
456,Market,0
456,Taxi,0
457,Drive,636
457,Eda,0
457,Lavka,0
457,Market,0
457,Taxi,2381
458,Drive,0
458,Eda,1934
458,Lavka,1337
458,Market,1190
458,Taxi,0
459,Drive,4615
459,Eda,404
459,Lavka,1070
459,Market,7102
459,Taxi,3712
460,Market,770
461,Drive,1331
461,Eda,0
461,Lavka,4085
461,Market,0
461,Taxi,2510
462,Drive,2942
462,Eda,0
462,Lavka,2841
462,Market,0
462,Taxi,0
463,Drive,0
463,Eda,4712
463,Lavka,0
463,Market,759
463,Taxi,835
464,Drive,3679
464,Eda,753
464,Lavka,4427
464,Market,2313
464,Taxi,3942
465,Drive,1133
465,Eda,1023
465,Lavka,0
465,Market,180
465,Taxi,3429
466,Drive,2245
466,Eda,5044
466,Lavka,7535
466,Market,3887
466,Taxi,1537
467,Drive,39
467,Eda,393
467,Taxi,736
468,Drive,954
468,Lavka,138
468,Market,392
469,Drive,124
469,Market,0
469,Taxi,0
470,Drive,0
470,Lavka,288
470,Market,1598
470,Taxi,935
471,Drive,3035
471,Eda,434
471,Lavka,438
471,Market,1121
471,Taxi,0
472,Drive,3726
472,Eda,1850
472,Lavka,3685
472,Market,4752
472,Taxi,3586
473,Drive,0
473,Eda,3536
473,Lavka,0
473,Market,0
473,Taxi,0
474,Drive,609
474,Eda,3123
474,Lavka,63
474,Market,0
474,Taxi,0
475,Drive,0
475,Eda,795
475,Lavka,2441
475,Market,0
475,Taxi,3921
476,Drive,0
476,Eda,0
476,Lavka,0
476,Market,0
476,Taxi,0
477,Drive,2347
477,Eda,4519
477,Lavka,10395
477,Market,1804
477,Taxi,0
478,Drive,383
478,Eda,223
478,Lavka,0
478,Market,0
478,Taxi,1944
479,Lavka,1
479,Market,854
479,Taxi,1787
480,Drive,2006
480,Eda,2059
480,Taxi,133
481,Drive,1164
481,Eda,5182
481,Lavka,3061
481,Market,2073
481,Taxi,3268
482,Drive,0
482,Eda,837
482,Lavka,1432
482,Market,4726
482,Taxi,91
483,Drive,0
483,Eda,280
483,Lavka,0
483,Market,1323
483,Taxi,0
484,Drive,351
484,Lavka,912
484,Market,139
484,Taxi,1893
485,Drive,13
485,Eda,1708
485,Lavka,2392
485,Market,2157
485,Taxi,3086
486,Drive,9930
486,Eda,1018
486,Lavka,1868
486,Market,1037
486,Taxi,2861
487,Drive,570
487,Eda,969
487,Lavka,1702
487,Market,1653
487,Taxi,0
488,Drive,0
488,Eda,2254
488,Lavka,2294
488,Market,0
488,Taxi,841
489,Market,2269
490,Drive,1922
490,Eda,1761
490,Lavka,2158
490,Market,103
490,Taxi,696
491,Drive,0
491,Eda,0
491,Lavka,0
491,Market,0
492,Eda,2814
493,Drive,0
493,Eda,0
493,Lavka,0
493,Market,0
493,Taxi,0
494,Drive,2972
494,Eda,0
494,Lavka,0
494,Market,0
494,Taxi,0
495,Drive,4259
495,Eda,0
495,Lavka,0
495,Market,4295
495,Taxi,3249
496,Drive,4228
496,Eda,2389
496,Lavka,6597
496,Market,7198
496,Taxi,372
497,Drive,1768
497,Eda,24
497,Lavka,1394
497,Market,3148
497,Taxi,4874
498,Drive,0
498,Eda,1007
498,Lavka,0
498,Market,0
498,Taxi,0
499,Drive,846
499,Eda,0
499,Lavka,0
499,Market,0
499,Taxi,839
500,Drive,0
500,Eda,2906
500,Lavka,3789
500,Market,317
500,Taxi,0
501,Drive,3928
501,Eda,2854
501,Lavka,1188
501,Market,12338
501,Taxi,242
502,Drive,2945
502,Eda,6290
502,Lavka,0
502,Market,2677
502,Taxi,2425
503,Drive,887
503,Eda,0
503,Lavka,0
503,Market,945
503,Taxi,4671
504,Drive,1369
504,Eda,1218
504,Lavka,4937
504,Market,310
504,Taxi,4309
505,Drive,0
505,Eda,2938
505,Lavka,959
505,Market,643
505,Taxi,0
506,Drive,38
506,Eda,0
506,Lavka,185
506,Market,976
507,Drive,8105
507,Eda,1060
507,Lavka,179
507,Market,71
507,Taxi,3287
508,Drive,3378
508,Eda,1567
508,Lavka,4026
508,Market,2123
508,Taxi,1553
509,Drive,0
509,Eda,1968
509,Lavka,0
509,Market,362
509,Taxi,1266
510,Drive,541
510,Eda,2566
510,Lavka,1745
510,Market,4878
510,Taxi,0
511,Drive,931
511,Eda,509
511,Lavka,5111
511,Market,2401
511,Taxi,0
512,Drive,3732
512,Eda,1936
512,Lavka,126
512,Market,8872
512,Taxi,0
513,Drive,5091
513,Eda,7159
513,Lavka,6695
513,Market,1971
513,Taxi,3567
514,Drive,1796
514,Eda,190
514,Market,294
514,Taxi,2611
515,Drive,4631
515,Eda,5747
515,Lavka,7961
515,Market,338
515,Taxi,5871
516,Drive,0
516,Eda,0
516,Lavka,1528
516,Market,405
516,Taxi,926
517,Drive,0
517,Eda,0
517,Lavka,1162
517,Market,817
517,Taxi,0
518,Drive,623
518,Eda,1662
518,Lavka,2111
518,Market,1266
518,Taxi,1344
519,Drive,175
519,Eda,198
519,Lavka,158
519,Market,9788
519,Taxi,0
520,Drive,0
520,Lavka,0
520,Market,599
520,Taxi,1390
521,Drive,0
521,Eda,721
521,Lavka,578
521,Market,0
521,Taxi,0
522,Drive,3355
522,Eda,2389
522,Lavka,3966
522,Market,2695
522,Taxi,1454
523,Drive,534
523,Eda,4691
523,Lavka,673
523,Market,2220
523,Taxi,5628
524,Eda,341
524,Lavka,2764
524,Market,2063
524,Taxi,1659
525,Drive,764
525,Eda,4895
525,Lavka,2448
525,Market,2380
525,Taxi,3669
526,Drive,1294
526,Eda,940
526,Lavka,2912
526,Market,5719
526,Taxi,2784
527,Drive,101
527,Eda,903
527,Market,0
528,Drive,1582
528,Eda,2933
528,Lavka,850
528,Market,4246
528,Taxi,2350
529,Drive,0
529,Eda,0
529,Market,1266
529,Taxi,0
530,Market,1565
530,Taxi,0
531,Drive,6520
531,Eda,418
531,Market,0
531,Taxi,581
532,Eda,370
532,Lavka,385
532,Market,1277
532,Taxi,1702
533,Drive,3035
533,Eda,1418
533,Lavka,1125
533,Market,451
533,Taxi,2955
534,Drive,0
534,Lavka,1856
534,Market,0
534,Taxi,0
535,Eda,154
535,Lavka,0
535,Market,0
535,Taxi,444
536,Lavka,651
536,Market,0
536,Taxi,0
537,Drive,108
537,Eda,0
537,Lavka,46
537,Market,0
537,Taxi,0
538,Drive,926
538,Eda,1477
538,Lavka,0
538,Market,2076
538,Taxi,558
539,Drive,2693
539,Eda,916
539,Lavka,0
539,Market,3256
539,Taxi,0
540,Drive,1451
540,Eda,0
540,Lavka,801
540,Market,1535
540,Taxi,7629
541,Drive,2744
541,Eda,0
541,Lavka,1876
541,Market,4229
541,Taxi,0
542,Drive,12780
542,Eda,3706
542,Lavka,6840
542,Market,1218
542,Taxi,8083
543,Drive,2231
543,Eda,522
543,Lavka,4363
543,Market,1377
543,Taxi,4231
544,Drive,3409
544,Eda,1062
544,Lavka,5763
544,Market,8138
544,Taxi,5468
545,Drive,0
545,Eda,3132
545,Lavka,6099
545,Market,0
545,Taxi,2242
546,Drive,708
546,Eda,255
546,Lavka,678
546,Market,2198
546,Taxi,1529
547,Drive,3029
547,Eda,648
547,Lavka,0
547,Market,0
547,Taxi,1463
548,Drive,0
548,Eda,0
548,Lavka,1046
548,Market,0
548,Taxi,0
549,Drive,2554
549,Eda,0
549,Lavka,0
549,Market,697
549,Taxi,501
550,Drive,365
550,Eda,399
550,Lavka,210
550,Market,0
550,Taxi,0
551,Drive,1441
551,Eda,1900
551,Lavka,1316
551,Market,1554
551,Taxi,0
552,Drive,1262
552,Eda,75
552,Lavka,0
552,Market,4422
552,Taxi,2469
553,Drive,1477
553,Eda,682
553,Lavka,760
553,Market,1802
553,Taxi,8452
554,Drive,582
554,Eda,4701
554,Lavka,0
554,Market,3950
554,Taxi,1054
555,Drive,690
555,Eda,0
555,Lavka,977
555,Market,54
555,Taxi,1876
556,Drive,2712
556,Eda,6498
556,Lavka,1205
556,Market,204
556,Taxi,1938
557,Drive,274
557,Eda,279
557,Lavka,2220
557,Market,2225
557,Taxi,5569
558,Drive,1018
558,Eda,3729
558,Lavka,1363
558,Market,3195
558,Taxi,64
559,Drive,871
559,Eda,0
559,Lavka,395
559,Market,0
559,Taxi,788
560,Drive,1433
560,Eda,558
560,Lavka,0
560,Market,627
560,Taxi,2414
561,Drive,3881
561,Eda,2312
561,Lavka,1315
561,Market,706
561,Taxi,1851
562,Drive,107
562,Eda,2320
562,Lavka,2241
562,Market,10839
562,Taxi,3751
563,Drive,1585
563,Eda,947
563,Lavka,809
563,Market,2376
563,Taxi,2477
564,Drive,299
564,Eda,904
564,Lavka,3296
564,Market,0
564,Taxi,3027
565,Drive,0
565,Eda,0
565,Lavka,0
565,Market,2946
565,Taxi,624
566,Drive,542
566,Eda,1008
566,Lavka,4425
566,Market,0
566,Taxi,0
567,Drive,0
567,Eda,0
567,Lavka,929
567,Market,472
567,Taxi,1314
568,Drive,8804
568,Eda,100
568,Lavka,4905
568,Market,7651
568,Taxi,1168
569,Drive,1819
569,Eda,6110
569,Lavka,254
569,Market,2349
569,Taxi,4813
570,Eda,368
570,Lavka,1195
570,Taxi,183
571,Drive,524
571,Eda,0
571,Lavka,633
571,Market,0
571,Taxi,37
572,Drive,2685
572,Eda,1008
572,Lavka,63
572,Market,1178
572,Taxi,715
573,Drive,0
573,Eda,4595
573,Lavka,4128
573,Market,1052
573,Taxi,0
574,Lavka,0
575,Drive,9446
575,Eda,9061
575,Lavka,5179
575,Market,1699
575,Taxi,7399
576,Drive,0
576,Lavka,5161
576,Taxi,1971
577,Drive,0
577,Eda,0
577,Market,541
578,Drive,0
578,Eda,212
578,Lavka,2770
578,Market,322
578,Taxi,3117
579,Drive,7464
579,Eda,9824
579,Lavka,5609
579,Market,7506
579,Taxi,3861
580,Drive,7769
580,Eda,1558
580,Lavka,5458
580,Market,3308
580,Taxi,2735
581,Drive,1248
581,Eda,2940
581,Lavka,2612
581,Market,4573
581,Taxi,1719
582,Drive,10603
582,Eda,0
582,Lavka,3200
582,Market,0
582,Taxi,962
583,Drive,520
583,Eda,1017
583,Lavka,2778
583,Market,2966
583,Taxi,252
584,Drive,743
584,Eda,3315
584,Lavka,2342
584,Market,2232
584,Taxi,2889
585,Drive,0
585,Eda,3228
585,Lavka,0
585,Market,0
585,Taxi,0
586,Drive,0
586,Eda,0
586,Lavka,442
586,Market,0
587,Eda,5333
587,Lavka,4944
587,Market,0
587,Taxi,387
588,Drive,4088
588,Eda,1434
588,Lavka,2086
588,Market,535
588,Taxi,533
589,Drive,0
589,Eda,3100
589,Lavka,715
589,Market,3854
589,Taxi,3024
590,Drive,2001
590,Eda,642
590,Lavka,0
590,Market,5029
590,Taxi,257
591,Market,0
592,Drive,484
592,Eda,0
592,Lavka,56
592,Market,622
592,Taxi,0
593,Drive,479
593,Eda,0
593,Lavka,3129
593,Taxi,3123
594,Lavka,0
594,Market,555
594,Taxi,3052
595,Drive,0
595,Eda,0
595,Lavka,307
595,Market,0
595,Taxi,2813
596,Drive,758
596,Eda,3003
596,Lavka,1178
596,Market,1853
596,Taxi,3075
597,Drive,581
597,Eda,0
597,Lavka,0
597,Market,0
597,Taxi,0
598,Market,149
598,Taxi,197
599,Drive,0
599,Eda,1123
599,Lavka,3160
599,Market,1812
599,Taxi,180
600,Drive,232
600,Eda,0
600,Market,0
600,Taxi,81
601,Drive,1776
601,Eda,1103
601,Lavka,1087
601,Market,0
601,Taxi,4
602,Drive,1262
602,Eda,202
602,Lavka,0
602,Market,2876
602,Taxi,0
603,Drive,1343
603,Eda,4160
603,Lavka,405
603,Market,0
603,Taxi,0
604,Drive,2716
604,Eda,2871
604,Lavka,1301
604,Market,8112
604,Taxi,4029
605,Drive,469
605,Eda,2044
605,Lavka,573
605,Market,0
605,Taxi,4497
606,Drive,5218
606,Eda,570
606,Lavka,1062
606,Market,0
606,Taxi,1093
607,Drive,0
607,Eda,6481
607,Lavka,0
607,Market,306
607,Taxi,6200
608,Drive,2681
608,Eda,2452
608,Lavka,491
608,Market,0
608,Taxi,51
609,Drive,0
609,Eda,0
609,Lavka,3383
609,Market,0
609,Taxi,0
610,Drive,0
610,Eda,178
610,Lavka,0
610,Market,606
610,Taxi,0
611,Drive,1609
611,Eda,3193
611,Lavka,488
611,Market,82
611,Taxi,2409
612,Drive,3121
612,Eda,5344
612,Lavka,1874
612,Market,3161
612,Taxi,3726
613,Drive,1814
613,Eda,2244
613,Lavka,1844
613,Market,6858
613,Taxi,527
614,Drive,936
614,Eda,2750
614,Lavka,1377
614,Market,124
614,Taxi,772
615,Drive,2580
615,Eda,0
615,Lavka,11
615,Market,3069
615,Taxi,360
616,Drive,0
616,Eda,0
616,Lavka,0
616,Market,0
616,Taxi,182
617,Drive,4510
617,Eda,1317
617,Lavka,4657
617,Market,4723
617,Taxi,1138
618,Drive,4538
618,Eda,2482
618,Lavka,530
618,Taxi,0
619,Eda,405
619,Lavka,227
619,Market,0
619,Taxi,3138
620,Drive,1193
620,Eda,529
620,Lavka,2707
620,Market,266
620,Taxi,5482
621,Drive,0
621,Eda,0
621,Lavka,1072
621,Market,2122
621,Taxi,0
622,Drive,765
622,Eda,0
622,Lavka,6497
622,Market,0
622,Taxi,0
623,Drive,0
623,Eda,123
623,Lavka,6492
623,Market,0
623,Taxi,4731
624,Drive,0
624,Eda,1316
624,Lavka,455
624,Market,466
624,Taxi,0
625,Drive,0
625,Eda,0
625,Market,1050
625,Taxi,3211
626,Drive,11398
626,Eda,218
626,Lavka,0
626,Market,5335
626,Taxi,860
627,Drive,6893
627,Eda,2453
627,Lavka,4888
627,Market,2004
627,Taxi,3326
628,Drive,0
628,Eda,0
628,Lavka,0
628,Market,0
628,Taxi,0
629,Drive,2241
629,Eda,0
629,Lavka,491
629,Market,0
629,Taxi,3104
630,Drive,0
630,Eda,461
630,Lavka,313
630,Market,2231
630,Taxi,0
631,Drive,0
631,Eda,10179
631,Lavka,4168
631,Market,2368
631,Taxi,5779
632,Drive,955
632,Eda,1277
632,Lavka,495
632,Market,97
632,Taxi,2713
633,Drive,0
633,Eda,0
633,Lavka,279
633,Market,0
633,Taxi,0
634,Drive,2699
634,Eda,1126
634,Lavka,386
634,Market,6319
634,Taxi,516
635,Drive,0
635,Eda,27
635,Lavka,137
635,Market,2358
635,Taxi,1464
636,Drive,88
636,Eda,0
636,Lavka,672
636,Market,376
636,Taxi,167
637,Drive,0
637,Eda,751
637,Lavka,0
637,Market,662
637,Taxi,0
638,Drive,4887
638,Eda,716
638,Lavka,1085
638,Market,4393
638,Taxi,833
639,Drive,0
639,Lavka,560
639,Market,190
639,Taxi,0
640,Drive,0
640,Eda,0
640,Lavka,491
640,Market,4975
640,Taxi,627
641,Drive,0
641,Eda,5060
641,Lavka,690
641,Market,1342
641,Taxi,4875
642,Drive,588
642,Eda,306
642,Lavka,1133
642,Market,387
642,Taxi,6492
643,Drive,0
643,Eda,2013
643,Lavka,0
643,Market,0
643,Taxi,393
644,Drive,4433
644,Eda,995
644,Lavka,1218
644,Market,0
644,Taxi,688
645,Drive,8330
645,Eda,2911
645,Lavka,4578
645,Market,144
645,Taxi,5519
646,Eda,0
646,Lavka,0
646,Market,269
647,Drive,2420
647,Eda,2774
647,Lavka,1500
647,Market,5717
647,Taxi,1262
648,Drive,607
648,Eda,48
648,Lavka,1234
648,Market,199
648,Taxi,1440
649,Drive,15
649,Eda,2691
649,Market,520
649,Taxi,0
650,Drive,0
650,Eda,1163
650,Lavka,0
650,Market,3512
650,Taxi,0
651,Drive,0
651,Eda,0
651,Lavka,196
651,Taxi,1518
652,Drive,723
652,Eda,922
652,Lavka,1643
652,Market,3027
652,Taxi,1497
653,Drive,508
653,Eda,0
653,Lavka,3600
653,Market,0
653,Taxi,1377
654,Drive,0
654,Eda,0
654,Lavka,0
654,Market,0
654,Taxi,0
655,Drive,350
655,Eda,2045
655,Lavka,0
655,Market,5052
655,Taxi,2173
656,Drive,40
656,Eda,151
656,Lavka,4311
656,Market,0
656,Taxi,734
657,Drive,0
657,Eda,0
657,Lavka,0
657,Market,0
657,Taxi,0
658,Drive,0
658,Eda,908
658,Lavka,0
658,Market,208
658,Taxi,1029
659,Drive,0
659,Eda,0
659,Lavka,0
659,Market,1346
659,Taxi,0
660,Drive,244
660,Eda,0
660,Lavka,0
660,Market,2769
660,Taxi,1548
661,Drive,13804
661,Eda,246
661,Lavka,4478
661,Market,1842
661,Taxi,277
662,Drive,1537
662,Eda,704
662,Lavka,1551
662,Market,0
662,Taxi,0
663,Drive,5002
663,Eda,3468
663,Lavka,4015
663,Market,272
663,Taxi,2193
664,Drive,0
664,Eda,0
664,Lavka,0
664,Market,0
664,Taxi,0
665,Drive,143
665,Eda,701
665,Lavka,276
665,Market,0
665,Taxi,2386
666,Drive,2247
666,Eda,1162
666,Lavka,276
666,Market,555
666,Taxi,981
667,Drive,0
667,Eda,0
667,Lavka,0
667,Market,1059
667,Taxi,2214
668,Drive,1690
668,Eda,3971
668,Lavka,1560
668,Market,2061
668,Taxi,112
669,Drive,0
669,Eda,5191
669,Lavka,1450
669,Market,147
669,Taxi,8509
670,Drive,1007
670,Eda,3068
670,Lavka,1269
670,Market,580
670,Taxi,0
671,Drive,0
671,Eda,831
671,Lavka,5384
671,Market,1162
671,Taxi,927
672,Drive,0
672,Eda,2749
672,Market,2309
672,Taxi,303
673,Drive,528
673,Eda,1103
673,Market,1251
674,Drive,2212
674,Eda,0
674,Lavka,3099
674,Market,2074
674,Taxi,6355
675,Eda,0
675,Lavka,118
676,Drive,1302
676,Eda,313
676,Lavka,559
676,Market,0
676,Taxi,3118
677,Drive,0
677,Eda,1105
677,Lavka,0
677,Market,932
677,Taxi,0
678,Drive,2579
678,Eda,1279
678,Lavka,1312
678,Market,1447
678,Taxi,293
679,Eda,296
679,Lavka,607
679,Market,334
679,Taxi,616
680,Drive,4845
680,Eda,7039
680,Lavka,8243
680,Market,1540
680,Taxi,3496
681,Drive,3655
681,Eda,4122
681,Lavka,6500
681,Market,482
681,Taxi,2084
682,Drive,424
682,Eda,0
682,Lavka,0
682,Market,0
682,Taxi,0
683,Drive,936
683,Eda,549
683,Lavka,1629
683,Market,1223
683,Taxi,907
684,Market,4291
685,Drive,0
685,Eda,206
685,Market,1431
685,Taxi,0
686,Drive,196
686,Eda,0
686,Taxi,1543
687,Drive,0
687,Eda,1312
687,Market,0
687,Taxi,0
688,Drive,5885
688,Eda,3417
688,Lavka,5499
688,Market,0
688,Taxi,6216
689,Drive,619
689,Eda,0
689,Lavka,1090
689,Market,1330
689,Taxi,1678
690,Drive,53
690,Eda,2255
690,Lavka,1149
690,Market,2324
690,Taxi,4364
691,Drive,767
691,Eda,0
691,Lavka,2262
691,Market,143
691,Taxi,1919
692,Drive,1319
692,Eda,0
692,Market,1634
692,Taxi,992
693,Drive,0
693,Eda,2517
693,Lavka,0
693,Market,110
693,Taxi,625
694,Drive,0
694,Eda,125
694,Lavka,0
694,Market,0
694,Taxi,0
695,Drive,1358
695,Eda,3629
695,Lavka,2277
695,Market,1910
695,Taxi,6356
696,Drive,1464
696,Eda,5196
696,Lavka,3721
696,Market,3341
696,Taxi,3675
697,Drive,2701
697,Eda,383
697,Lavka,1313
697,Market,2118
697,Taxi,39
698,Drive,0
698,Eda,651
698,Lavka,894
698,Market,675
698,Taxi,346
699,Drive,1842
699,Lavka,0
699,Taxi,405
700,Drive,0
700,Eda,3602
700,Lavka,3376
700,Market,4694
700,Taxi,6055
701,Drive,49
701,Eda,1110
701,Lavka,836
701,Market,0
701,Taxi,0
702,Drive,1714
702,Eda,629
702,Lavka,2594
702,Market,744
702,Taxi,778
703,Drive,4555
703,Eda,3059
703,Lavka,0
703,Market,3622
703,Taxi,559
704,Drive,0
704,Eda,554
704,Lavka,0
704,Market,4617
704,Taxi,0
705,Drive,0
705,Eda,659
705,Lavka,904
705,Market,748
705,Taxi,4692
706,Drive,361
706,Eda,532
706,Lavka,433
706,Market,2896
706,Taxi,381
707,Drive,2103
707,Eda,0
707,Lavka,1802
707,Market,764
707,Taxi,608
708,Drive,0
708,Eda,2615
708,Lavka,0
708,Market,0
708,Taxi,98
709,Drive,0
709,Eda,2157
709,Lavka,0
709,Market,0
709,Taxi,1883
710,Drive,0
710,Eda,0
710,Lavka,0
710,Market,930
710,Taxi,0
711,Drive,7597
711,Eda,11923
711,Lavka,7125
711,Market,9047
711,Taxi,2521
712,Drive,1779
712,Eda,3731
712,Lavka,524
712,Market,2741
712,Taxi,510
713,Drive,1157
713,Eda,10952
713,Lavka,822
713,Market,1557
713,Taxi,4200
714,Drive,2841
714,Eda,0
714,Lavka,0
714,Market,0
714,Taxi,0
715,Drive,0
715,Eda,6589
715,Lavka,0
715,Market,0
715,Taxi,0
716,Drive,182
716,Eda,0
716,Lavka,0
716,Market,910
716,Taxi,507
717,Drive,0
717,Eda,0
717,Lavka,0
717,Market,0
717,Taxi,0
718,Drive,5755
718,Eda,1164
718,Lavka,3351
718,Market,919
718,Taxi,0
719,Drive,1312
719,Eda,505
719,Lavka,0
719,Market,2389
719,Taxi,831
720,Drive,0
720,Eda,0
720,Lavka,521
720,Market,2606
720,Taxi,1326
721,Lavka,878
722,Drive,8901
722,Eda,85
722,Lavka,1792
722,Market,4405
722,Taxi,2085
723,Drive,0
723,Eda,0
723,Lavka,1510
723,Market,0
723,Taxi,0
724,Drive,0
724,Eda,0
724,Lavka,0
724,Market,0
724,Taxi,0
725,Drive,3455
725,Eda,763
725,Lavka,3644
725,Market,1491
725,Taxi,5375
726,Drive,0
726,Eda,0
726,Lavka,4471
726,Market,0
726,Taxi,4903
727,Drive,950
727,Eda,706
727,Lavka,10452
727,Market,1769
727,Taxi,1640
728,Drive,3791
728,Eda,2991
728,Lavka,1939
728,Market,3247
728,Taxi,5310
729,Drive,2639
729,Eda,5861
729,Lavka,2704
729,Market,4895
729,Taxi,5778
730,Drive,0
730,Eda,0
730,Lavka,0
730,Market,0
730,Taxi,0
731,Drive,2879
731,Eda,3741
731,Lavka,930
731,Market,2180
731,Taxi,1179
732,Drive,0
732,Eda,122
732,Lavka,0
732,Market,0
732,Taxi,214
733,Drive,387
733,Eda,335
733,Lavka,1275
733,Market,0
733,Taxi,134
734,Drive,3082
734,Eda,2175
734,Lavka,0
734,Market,2911
734,Taxi,2497
735,Drive,0
735,Eda,604
735,Lavka,1458
735,Market,0
735,Taxi,5494
736,Drive,176
736,Eda,0
736,Lavka,0
736,Market,716
736,Taxi,0
737,Drive,1911
737,Eda,0
737,Lavka,0
737,Market,0
738,Drive,1069
738,Eda,0
738,Lavka,0
738,Market,0
738,Taxi,0
739,Drive,3518
739,Eda,1139
739,Lavka,2917
739,Market,0
739,Taxi,1923
740,Drive,326
740,Eda,354
740,Lavka,1347
740,Market,0
740,Taxi,1678
741,Drive,1266
741,Eda,3153
741,Lavka,1875
741,Market,1954
741,Taxi,130
742,Drive,0
742,Eda,682
742,Lavka,1166
742,Market,0
742,Taxi,1147
743,Drive,0
743,Eda,178
743,Lavka,1792
743,Market,801
743,Taxi,4007
744,Drive,0
744,Eda,0
744,Lavka,218
744,Market,822
744,Taxi,0
745,Lavka,911
746,Drive,0
746,Eda,988
746,Lavka,0
746,Market,0
746,Taxi,0
747,Drive,0
747,Eda,0
747,Lavka,2467
747,Market,0
747,Taxi,0
748,Drive,1097
748,Eda,359
748,Lavka,1223
748,Market,8440
748,Taxi,1991
749,Drive,2906
749,Eda,1579
749,Lavka,1761
749,Market,259
749,Taxi,1549
750,Drive,1944
750,Eda,4088
750,Lavka,2527
750,Market,1050
750,Taxi,3221
751,Drive,0
751,Eda,948
751,Lavka,1822
751,Market,1813
751,Taxi,2424
752,Eda,0
753,Drive,642
753,Eda,0
753,Lavka,1088
753,Market,0
753,Taxi,481
754,Drive,1799
754,Eda,3291
754,Lavka,954
754,Market,0
754,Taxi,0
755,Drive,928
755,Eda,2088
755,Lavka,3438
755,Market,100
755,Taxi,0
756,Drive,1291
756,Eda,4673
756,Lavka,3785
756,Market,1445
756,Taxi,2336
757,Drive,0
757,Eda,0
757,Lavka,0
757,Market,0
757,Taxi,0
758,Drive,6604
758,Eda,1099
758,Lavka,4467
758,Market,2732
758,Taxi,3014
759,Drive,0
759,Eda,3666
759,Lavka,3289
760,Drive,1975
760,Eda,0
760,Lavka,176
760,Market,3617
760,Taxi,50
761,Drive,0
761,Eda,135
761,Lavka,0
761,Market,2696
761,Taxi,0
762,Drive,1066
762,Eda,766
762,Lavka,1655
762,Market,2370
762,Taxi,0
763,Drive,1733
763,Eda,1459
763,Lavka,4399
763,Market,2711
763,Taxi,0
764,Drive,0
764,Eda,440
764,Lavka,1408
764,Market,924
764,Taxi,0
765,Drive,1483
765,Eda,0
765,Lavka,2823
765,Market,3701
765,Taxi,243
766,Drive,0
766,Eda,620
766,Lavka,1787
766,Market,0
766,Taxi,0
767,Drive,4263
767,Eda,1926
767,Lavka,167
767,Market,2445
767,Taxi,5175
768,Drive,4830
768,Lavka,0
769,Drive,0
769,Eda,693
769,Lavka,0
769,Market,546
769,Taxi,0
770,Drive,0
770,Eda,0
770,Market,0
770,Taxi,0
771,Drive,0
771,Eda,499
771,Lavka,0
771,Market,1750
771,Taxi,155
772,Drive,1979
772,Eda,0
772,Lavka,1404
772,Market,1298
772,Taxi,0
773,Drive,639
773,Eda,206
773,Lavka,41
773,Market,1517
773,Taxi,0
774,Drive,0
774,Eda,1200
774,Lavka,0
774,Market,0
774,Taxi,0
775,Drive,65
775,Eda,1994
775,Lavka,1620
775,Market,366
775,Taxi,1965
776,Drive,3813
776,Eda,54
776,Lavka,1916
776,Market,2227
776,Taxi,0
777,Drive,0
777,Eda,651
777,Lavka,2644
777,Market,1086
777,Taxi,1838
778,Drive,1107
778,Eda,1363
778,Lavka,1427
778,Market,3946
778,Taxi,0
779,Drive,2879
779,Eda,3831
779,Lavka,67
779,Market,0
779,Taxi,2028
780,Drive,1267
780,Eda,1789
780,Lavka,2666
780,Market,6268
780,Taxi,621
781,Drive,555
781,Eda,197
781,Lavka,1159
781,Market,3264
781,Taxi,1648
782,Drive,6772
782,Eda,9030
782,Lavka,2064
782,Market,4158
782,Taxi,7432
783,Drive,1148
783,Eda,155
783,Lavka,0
783,Market,0
783,Taxi,1402
784,Drive,1992
784,Eda,0
784,Lavka,2263
784,Market,0
784,Taxi,192
785,Drive,0
785,Eda,0
785,Lavka,0
785,Market,0
785,Taxi,2193
786,Drive,5364
786,Eda,11167
786,Lavka,1354
786,Market,1041
786,Taxi,3923
787,Drive,0
787,Eda,0
787,Lavka,0
787,Market,719
787,Taxi,0
788,Eda,1256
788,Lavka,1316
788,Market,0
789,Drive,4524
789,Eda,484
789,Lavka,533
789,Market,2026
789,Taxi,1062
790,Drive,2428
790,Eda,1865
790,Lavka,934
790,Market,10328
790,Taxi,462
791,Drive,0
791,Eda,1584
791,Lavka,5689
791,Market,2760
791,Taxi,709
792,Drive,560
792,Eda,5718
792,Lavka,960
792,Market,0
792,Taxi,0
793,Drive,0
793,Eda,0
793,Lavka,0
793,Market,0
793,Taxi,0
794,Drive,312
794,Eda,1666
794,Lavka,3026
794,Market,1693
794,Taxi,153
795,Drive,3058
795,Eda,0
795,Lavka,2434
795,Market,1544
795,Taxi,2389
796,Drive,0
796,Eda,97
796,Lavka,482
796,Market,0
796,Taxi,714
797,Drive,286
797,Eda,10262
797,Lavka,8066
797,Market,2234
797,Taxi,1235
798,Drive,870
798,Eda,1059
798,Taxi,118
799,Drive,3012
799,Eda,6222
799,Lavka,2103
799,Market,1587
799,Taxi,4619
800,Drive,1539
800,Eda,0
800,Market,0
800,Taxi,0
801,Drive,4127
801,Eda,5489
801,Lavka,2135
801,Market,7472
801,Taxi,7901
802,Drive,2269
802,Eda,69
802,Lavka,350
802,Market,7543
802,Taxi,4178
803,Drive,8320
803,Eda,2345
803,Lavka,8026
803,Market,2930
803,Taxi,5559
804,Drive,0
804,Eda,2126
804,Lavka,6464
804,Market,5917
804,Taxi,5611
805,Drive,0
805,Eda,0
805,Lavka,0
805,Market,0
805,Taxi,0
806,Drive,2371
806,Eda,0
806,Lavka,0
806,Taxi,0
807,Drive,0
807,Eda,0
807,Lavka,5382
807,Market,134
807,Taxi,0
808,Drive,250
808,Eda,0
808,Lavka,0
808,Market,427
808,Taxi,0
809,Drive,0
809,Eda,0
809,Lavka,0
809,Market,0
809,Taxi,0
810,Drive,697
810,Lavka,1017
810,Market,0
810,Taxi,0
811,Drive,1548
811,Eda,402
811,Lavka,1180
811,Market,2014
811,Taxi,0
812,Drive,4219
812,Eda,60
812,Lavka,2757
812,Market,206
812,Taxi,2150
813,Drive,1975
813,Eda,5305
813,Lavka,2707
813,Market,3091
813,Taxi,920
814,Drive,2930
814,Eda,2105
814,Lavka,1002
814,Market,2820
814,Taxi,0
815,Drive,1319
815,Eda,1345
815,Lavka,0
815,Market,26
815,Taxi,937
816,Drive,881
816,Eda,1775
816,Lavka,1237
816,Market,2777
816,Taxi,2446
817,Drive,3338
817,Eda,2296
817,Lavka,5044
817,Market,0
817,Taxi,960
818,Eda,69
818,Lavka,4019
818,Market,0
818,Taxi,1154
819,Drive,2076
819,Eda,1656
819,Lavka,1987
819,Market,1712
819,Taxi,860
820,Drive,0
820,Eda,0
820,Lavka,0
820,Market,0
820,Taxi,0
821,Drive,0
821,Eda,0
821,Lavka,0
821,Market,0
821,Taxi,0
822,Drive,1002
822,Eda,18
822,Lavka,326
822,Market,0
822,Taxi,0
823,Drive,770
823,Eda,2277
823,Lavka,97
823,Market,9467
823,Taxi,7830
824,Drive,2293
824,Eda,1504
824,Lavka,1128
824,Market,206
824,Taxi,1629
825,Drive,0
825,Eda,298
825,Lavka,0
825,Market,0
825,Taxi,229
826,Drive,318
826,Eda,3899
826,Lavka,2335
826,Market,0
826,Taxi,2676
827,Drive,3753
827,Eda,0
827,Lavka,828
827,Market,3634
827,Taxi,1676
828,Drive,0
828,Eda,851
828,Lavka,588
828,Market,0
828,Taxi,1701
829,Drive,249
829,Lavka,286
829,Market,444
829,Taxi,0
830,Lavka,0
831,Drive,0
831,Eda,534
831,Lavka,0
831,Market,1015
831,Taxi,3467
832,Drive,0
832,Eda,0
832,Lavka,0
832,Market,0
832,Taxi,0
833,Drive,0
833,Eda,0
833,Lavka,1309
833,Market,0
833,Taxi,0
834,Drive,3460
834,Eda,2912
834,Market,3139
834,Taxi,1015
835,Drive,257
835,Eda,978
835,Lavka,798
835,Market,2624
835,Taxi,2250
836,Drive,703
836,Eda,3798
836,Lavka,2239
836,Market,1557
836,Taxi,4134
837,Drive,3237
837,Eda,2030
837,Lavka,1797
837,Market,1733
837,Taxi,1975
838,Drive,3969
838,Eda,0
838,Lavka,0
838,Market,3302
838,Taxi,833
839,Drive,3103
839,Eda,4084
839,Lavka,1523
839,Market,3730
839,Taxi,1600
840,Drive,0
840,Eda,3647
840,Lavka,0
840,Market,0
840,Taxi,0
841,Drive,0
841,Eda,0
841,Taxi,0
842,Drive,7404
842,Eda,4544
842,Lavka,169
842,Market,5173
842,Taxi,1776
843,Market,0
844,Taxi,541
845,Drive,3487
845,Eda,8
845,Lavka,5146
845,Market,1186
845,Taxi,9064
846,Drive,0
846,Eda,1226
846,Lavka,3540
846,Market,0
846,Taxi,0
847,Market,0
847,Taxi,1546
848,Drive,2490
848,Lavka,353
848,Market,0
848,Taxi,0
849,Drive,0
849,Eda,125
849,Lavka,6134
849,Market,185
849,Taxi,2569
850,Drive,2763
850,Eda,848
850,Lavka,257
850,Market,621
850,Taxi,5637
851,Drive,0
851,Lavka,503
851,Market,0
851,Taxi,0
852,Drive,1183
852,Eda,319
852,Lavka,0
852,Market,928
852,Taxi,252
853,Drive,0
853,Eda,0
853,Lavka,0
853,Taxi,0
854,Drive,0
854,Eda,0
854,Lavka,0
854,Market,1805
854,Taxi,0
855,Drive,3536
855,Eda,4705
855,Lavka,1004
855,Market,1492
855,Taxi,2220
856,Drive,3866
856,Eda,4670
856,Lavka,0
856,Market,1240
857,Eda,552
858,Eda,0
858,Lavka,0
858,Taxi,3080
859,Drive,4885
859,Eda,4106
859,Lavka,1353
859,Market,266
859,Taxi,1699
860,Drive,0
860,Eda,1512
860,Lavka,0
860,Market,699
860,Taxi,1590
861,Drive,3085
861,Eda,2747
861,Lavka,3918
861,Market,6344
861,Taxi,6865
862,Drive,2146
862,Eda,1637
862,Market,0
863,Drive,4030
863,Eda,4373
863,Lavka,988
863,Market,6063
863,Taxi,3304
864,Drive,295
865,Drive,776
865,Eda,0
865,Lavka,656
865,Market,2458
865,Taxi,254
866,Drive,4014
866,Eda,4838
866,Lavka,1763
866,Market,1746
866,Taxi,2464
867,Drive,0
867,Eda,354
867,Lavka,0
867,Market,0
867,Taxi,0
868,Drive,0
868,Eda,0
868,Lavka,0
868,Market,0
868,Taxi,0
869,Drive,304
869,Eda,0
869,Lavka,0
869,Market,0
869,Taxi,87
870,Drive,0
870,Eda,0
870,Lavka,0
870,Market,0
870,Taxi,0
871,Drive,4572
871,Eda,4967
871,Lavka,2933
871,Market,1915
871,Taxi,3095
872,Drive,0
872,Eda,2401
872,Lavka,1460
872,Market,2032
872,Taxi,284
873,Drive,3724
873,Eda,2432
873,Lavka,923
873,Market,1506
873,Taxi,1044
874,Drive,1323
874,Eda,3494
874,Lavka,1339
874,Market,4327
874,Taxi,437
875,Drive,619
875,Eda,0
875,Lavka,153
875,Market,897
875,Taxi,0
876,Drive,1133
876,Eda,2042
876,Lavka,2469
876,Market,0
876,Taxi,227
877,Drive,1388
877,Eda,0
877,Lavka,2458
877,Market,0
878,Drive,1363
878,Eda,0
878,Lavka,250
878,Market,0
879,Drive,0
879,Eda,225
879,Lavka,2003
879,Market,9950
879,Taxi,4029
880,Drive,0
880,Eda,141
880,Lavka,652
880,Market,0
880,Taxi,738
881,Drive,637
881,Eda,11309
881,Lavka,3987
881,Market,5575
881,Taxi,3955
882,Drive,13443
882,Eda,0
882,Lavka,504
882,Market,4278
882,Taxi,1419
883,Drive,2125
883,Eda,6138
883,Lavka,1898
883,Market,642
883,Taxi,1572
884,Drive,0
884,Eda,3121
884,Lavka,0
884,Market,0
884,Taxi,0
885,Drive,170
885,Eda,1176
885,Lavka,1496
885,Market,4277
885,Taxi,356
886,Drive,4026
886,Eda,915
886,Lavka,0
886,Market,0
886,Taxi,202
887,Drive,2582
887,Eda,1274
887,Lavka,3140
887,Market,39
887,Taxi,7459
888,Drive,69
888,Eda,3520
888,Lavka,3346
888,Market,3584
888,Taxi,1708
889,Drive,795
889,Eda,3060
889,Lavka,1875
889,Market,0
889,Taxi,1052
890,Eda,2138
890,Lavka,545
891,Drive,5143
891,Eda,0
891,Lavka,1938
891,Market,0
891,Taxi,6253
892,Drive,0
892,Eda,0
892,Lavka,0
892,Market,0
892,Taxi,0
893,Drive,0
893,Eda,0
893,Lavka,0
893,Market,0
893,Taxi,0
894,Drive,1356
894,Eda,1445
894,Lavka,0
894,Market,0
894,Taxi,0
895,Drive,0
895,Eda,0
895,Lavka,0
895,Market,0
895,Taxi,0
896,Drive,0
896,Eda,1736
896,Lavka,954
896,Market,858
896,Taxi,353
897,Drive,0
897,Eda,0
897,Lavka,0
897,Market,2403
897,Taxi,0
898,Drive,3649
898,Eda,1711
898,Lavka,2850
898,Market,1476
898,Taxi,362
899,Drive,2769
899,Eda,1951
899,Lavka,4870
899,Market,3156
899,Taxi,8563
900,Drive,609
900,Eda,627
900,Lavka,4862
900,Taxi,193
901,Drive,938
901,Eda,479
901,Lavka,38
901,Market,7037
901,Taxi,2855
902,Drive,344
902,Eda,0
902,Lavka,133
902,Market,0
902,Taxi,1178
903,Drive,1374
903,Lavka,394
903,Market,0
903,Taxi,12182
904,Drive,486
904,Eda,0
904,Lavka,892
904,Market,0
904,Taxi,0
905,Drive,0
905,Eda,17
905,Lavka,0
905,Market,0
905,Taxi,0
906,Drive,0
906,Eda,0
906,Lavka,0
906,Market,0
906,Taxi,0
907,Drive,1001
907,Eda,3079
907,Lavka,536
907,Market,0
907,Taxi,3489
908,Drive,5644
908,Eda,2503
908,Lavka,1704
908,Market,242
908,Taxi,1193
909,Drive,398
909,Eda,7421
909,Lavka,8865
909,Market,5540
909,Taxi,6852
910,Drive,1932
910,Eda,2486
910,Lavka,396
910,Market,814
910,Taxi,4061
911,Drive,0
911,Eda,0
911,Lavka,0
911,Market,386
911,Taxi,0
912,Drive,0
912,Eda,0
912,Lavka,0
912,Market,3765
912,Taxi,0
913,Drive,77
913,Eda,2333
913,Lavka,0
913,Market,773
913,Taxi,494
914,Drive,8027
914,Eda,0
914,Lavka,1680
914,Market,2577
914,Taxi,774
915,Drive,0
915,Eda,0
915,Lavka,1930
915,Market,0
915,Taxi,1302
916,Drive,1118
916,Eda,974
916,Lavka,0
916,Market,0
916,Taxi,0
917,Drive,9829
917,Eda,2174
917,Lavka,1446
917,Market,5229
917,Taxi,6048
918,Drive,0
918,Eda,2774
918,Lavka,0
918,Market,0
918,Taxi,0
919,Drive,0
919,Eda,0
919,Lavka,0
919,Market,0
919,Taxi,694
920,Drive,1376
920,Eda,475
920,Lavka,2393
920,Market,1564
920,Taxi,728
921,Drive,1449
921,Eda,2380
921,Lavka,815
921,Market,0
921,Taxi,902
922,Drive,6081
922,Eda,1895
922,Lavka,2107
922,Market,919
922,Taxi,5393
923,Drive,3257
924,Drive,16
924,Eda,4943
924,Lavka,2257
924,Market,553
924,Taxi,390
925,Drive,241
925,Eda,157
925,Lavka,2502
925,Market,402
925,Taxi,1046
926,Drive,990
926,Eda,0
926,Lavka,0
926,Market,0
926,Taxi,634
927,Drive,1277
927,Eda,0
927,Lavka,0
927,Market,3258
927,Taxi,0
928,Eda,1732
928,Taxi,0
929,Drive,0
929,Eda,0
929,Lavka,500
929,Market,311
929,Taxi,0
930,Drive,0
930,Lavka,0
930,Market,0
930,Taxi,0
931,Drive,5956
931,Eda,395
931,Lavka,10
931,Market,1567
931,Taxi,938
932,Drive,3052
932,Eda,0
932,Lavka,218
932,Taxi,1455
933,Drive,820
933,Eda,0
933,Lavka,0
933,Market,0
933,Taxi,0
934,Drive,561
934,Eda,3625
934,Lavka,0
934,Market,0
934,Taxi,0
935,Drive,708
935,Eda,1115
935,Lavka,476
935,Market,4516
935,Taxi,364
936,Drive,4023
936,Eda,3942
936,Lavka,1489
936,Market,6883
936,Taxi,3663
937,Drive,414
937,Lavka,5759
937,Market,2769
937,Taxi,0
938,Eda,0
938,Taxi,247
939,Drive,487
939,Eda,2587
939,Lavka,0
939,Market,0
939,Taxi,0
940,Drive,1077
940,Eda,156
940,Lavka,595
940,Market,0
940,Taxi,2740
941,Drive,1067
941,Eda,1007
941,Lavka,2659
941,Market,3554
941,Taxi,0
942,Drive,2790
942,Eda,0
942,Lavka,0
942,Market,502
942,Taxi,0
943,Drive,0
943,Eda,2135
943,Lavka,0
943,Market,1079
943,Taxi,477
944,Drive,31
944,Eda,7197
944,Lavka,5451
944,Market,10295
944,Taxi,795
945,Drive,2804
945,Eda,7893
945,Lavka,9071
945,Market,3145
945,Taxi,7963
946,Drive,0
946,Eda,0
946,Lavka,348
946,Market,287
946,Taxi,0
947,Drive,0
947,Eda,0
947,Lavka,502
947,Market,0
947,Taxi,0
948,Eda,1230
948,Lavka,1497
948,Taxi,1273
949,Drive,5019
949,Eda,742
949,Lavka,5168
949,Market,11710
949,Taxi,5265
950,Drive,1559
950,Eda,127
950,Lavka,505
950,Market,1214
950,Taxi,6886
951,Drive,4708
951,Eda,393
951,Lavka,0
951,Market,1202
951,Taxi,326
952,Drive,1172
952,Eda,0
952,Lavka,5975
952,Market,2462
952,Taxi,3806
953,Drive,1825
953,Eda,4912
953,Lavka,848
953,Market,0
953,Taxi,2490
954,Drive,3197
954,Eda,3
954,Market,1016
954,Taxi,2041
955,Drive,212
955,Eda,3298
955,Lavka,2957
955,Market,2803
955,Taxi,403
956,Drive,1093
956,Eda,643
956,Lavka,2176
956,Market,0
956,Taxi,602
957,Drive,1522
957,Eda,0
957,Lavka,168
957,Market,7
957,Taxi,0
958,Drive,958
958,Eda,534
958,Lavka,1195
958,Market,1843
958,Taxi,0
959,Drive,1701
959,Eda,2091
959,Lavka,2654
959,Market,5488
959,Taxi,1998
960,Drive,54
960,Eda,1597
960,Lavka,1240
960,Market,3787
960,Taxi,3611
961,Drive,3067
961,Eda,2786
961,Lavka,2619
961,Market,2700
961,Taxi,2945
962,Drive,0
962,Eda,0
962,Lavka,0
962,Market,0
962,Taxi,0
963,Drive,2134
963,Eda,1668
963,Lavka,926
963,Taxi,2323
964,Drive,1137
964,Eda,0
964,Lavka,5464
964,Market,1993
964,Taxi,3825
965,Drive,2421
965,Eda,1641
965,Lavka,0
965,Market,0
965,Taxi,55
966,Drive,4452
966,Eda,5905
966,Lavka,616
966,Taxi,215
967,Drive,116
967,Eda,194
967,Lavka,2586
967,Market,1995
967,Taxi,4416
968,Drive,400
968,Eda,424
968,Lavka,2106
968,Taxi,3267
969,Drive,0
969,Eda,3954
969,Lavka,1260
969,Market,2141
969,Taxi,1690
970,Drive,67
970,Eda,0
970,Lavka,195
970,Market,0
970,Taxi,5693
971,Drive,0
971,Eda,88
971,Lavka,976
971,Market,1577
971,Taxi,774
972,Drive,15
972,Eda,0
972,Lavka,0
972,Market,1543
972,Taxi,5977
973,Drive,0
973,Eda,1717
973,Lavka,2896
973,Market,0
973,Taxi,2834
974,Drive,1379
974,Eda,1346
974,Lavka,1300
974,Market,1948
974,Taxi,838
975,Drive,0
975,Eda,736
975,Lavka,0
975,Market,0
975,Taxi,0
976,Drive,388
976,Eda,0
976,Lavka,0
976,Market,950
976,Taxi,61
977,Drive,1668
977,Eda,0
977,Lavka,2788
977,Market,2515
977,Taxi,3607
978,Drive,453
978,Eda,276
978,Lavka,6524
978,Market,814
978,Taxi,9471
979,Drive,0
979,Eda,2935
979,Lavka,210
979,Market,0
979,Taxi,61
980,Drive,1595
980,Eda,1850
980,Lavka,2670
980,Market,0
980,Taxi,188
981,Drive,0
981,Eda,954
981,Lavka,0
981,Market,0
981,Taxi,177
982,Eda,1313
982,Lavka,353
982,Taxi,27
983,Drive,1741
983,Eda,0
983,Lavka,1123
983,Market,1210
983,Taxi,0
984,Drive,2241
984,Eda,2349
984,Lavka,1141
984,Market,373
984,Taxi,1789
985,Drive,0
985,Eda,2106
985,Lavka,0
985,Market,0
985,Taxi,0
986,Drive,0
986,Eda,1099
986,Lavka,606
986,Market,2868
986,Taxi,417
987,Drive,0
987,Eda,0
987,Lavka,942
987,Market,0
987,Taxi,0
988,Drive,1381
988,Eda,5676
988,Lavka,3205
988,Market,0
988,Taxi,4411
989,Taxi,2471
990,Drive,0
990,Eda,84
990,Lavka,0
990,Market,266
990,Taxi,1972
991,Drive,65
991,Eda,181
991,Lavka,1992
991,Market,0
991,Taxi,997
992,Drive,7469
992,Eda,6297
992,Lavka,2853
992,Market,8650
992,Taxi,3320
993,Drive,377
993,Eda,3531
993,Lavka,7490
993,Market,0
993,Taxi,2376
994,Drive,1797
994,Eda,2720
994,Lavka,1470
994,Market,5470
994,Taxi,1758
995,Drive,2665
995,Eda,0
995,Lavka,5703
995,Market,663
995,Taxi,1073
996,Drive,0
996,Eda,3099
996,Lavka,3443
996,Market,1809
996,Taxi,3438
997,Lavka,190
997,Taxi,223
998,Drive,1175
998,Eda,1112
998,Lavka,8346
998,Market,11800
998,Taxi,4575
999,Drive,1048
999,Eda,569
999,Lavka,2425
999,Market,3909
999,Taxi,5610
